date;country;region;municipality;population_total;population_male;population_female;births;deaths;net_migration;median_age;avg_household_size;households_total;median_income_dkk;employment_rate;unemployment_rate
2024-01-01;Denmark;Hovedstaden;Albertslund Kommune;87266;41516;45750;40;36;-72;39.1;2.04;42777;397080;0.82;0.03
2024-07-01;Denmark;Hovedstaden;Albertslund Kommune;88538;42139;46399;16;32;-62;42.0;2.01;44048;326062;0.78;0.07
2025-01-01;Denmark;Hovedstaden;Albertslund Kommune;88528;42636;45892;80;40;-294;44.1;2.06;42974;355392;0.69;0.03
2024-01-01;Denmark;Hovedstaden;Allerød Kommune;104450;49934;54516;53;17;67;44.8;2.24;46629;405791;0.61;0.05
2024-07-01;Denmark;Hovedstaden;Allerød Kommune;103583;52225;51358;53;15;265;40.3;2.25;46036;416057;0.82;0.06
2025-01-01;Denmark;Hovedstaden;Allerød Kommune;105957;50550;55407;89;34;-4;45.9;2.34;45280;413571;0.63;0.04
2024-01-01;Denmark;Hovedstaden;Ballerup Kommune;89736;43606;46130;52;50;-86;43.4;2.28;39357;389593;0.76;0.06
2024-07-01;Denmark;Hovedstaden;Ballerup Kommune;87020;42728;44292;36;25;173;41.0;2.4;36258;383886;0.77;0.04
2025-01-01;Denmark;Hovedstaden;Ballerup Kommune;87648;43849;43799;104;12;-66;44.6;2.32;37779;352581;0.67;0.03
2024-01-01;Denmark;Hovedstaden;Bornholm Kommune;80930;40184;40746;32;88;211;41.2;2.37;34147;360142;0.64;0.03
2024-07-01;Denmark;Hovedstaden;Bornholm Kommune;80392;39540;40852;38;100;298;41.4;2.23;36050;347447;0.65;0.09
2025-01-01;Denmark;Hovedstaden;Bornholm Kommune;79428;38904;40524;101;11;-188;39.2;2.06;38557;389192;0.71;0.02
2024-01-01;Denmark;Hovedstaden;Brøndby Kommune;55459;28000;27459;72;37;266;44.9;2.0;27729;394466;0.63;0.08
2024-07-01;Denmark;Hovedstaden;Brøndby Kommune;56094;27093;29001;87;48;-186;40.3;2.06;27230;300425;0.84;0.08
2025-01-01;Denmark;Hovedstaden;Brøndby Kommune;54097;27273;26824;102;27;219;45.3;2.35;23020;339117;0.81;0.06
2024-01-01;Denmark;Hovedstaden;Dragør Kommune;29697;14439;15258;25;74;243;45.3;2.24;13257;364042;0.6;0.09
2024-07-01;Denmark;Hovedstaden;Dragør Kommune;32670;16483;16187;108;44;-55;38.5;2.35;13902;424118;0.62;0.07
2025-01-01;Denmark;Hovedstaden;Dragør Kommune;32413;15463;16950;102;73;-172;39.0;2.19;14800;372063;0.64;0.06
2024-01-01;Denmark;Hovedstaden;Egedal Kommune;84240;42451;41789;74;101;-95;43.7;2.16;39000;388039;0.76;0.05
2024-07-01;Denmark;Hovedstaden;Egedal Kommune;84626;41343;43283;36;33;-235;40.7;2.24;37779;330161;0.75;0.02
2025-01-01;Denmark;Hovedstaden;Egedal Kommune;85406;42184;43222;34;13;-268;44.9;2.03;42071;331195;0.67;0.05
2024-01-01;Denmark;Hovedstaden;Fredensborg Kommune;74219;36864;37355;117;78;290;41.8;2.31;32129;405840;0.7;0.03
2024-07-01;Denmark;Hovedstaden;Fredensborg Kommune;76377;37266;39111;59;57;178;44.9;2.02;37810;385649;0.85;0.03
2025-01-01;Denmark;Hovedstaden;Fredensborg Kommune;75327;37425;37902;107;115;-189;40.0;2.08;36214;358800;0.64;0.03
2024-01-01;Denmark;Hovedstaden;Frederiksberg Kommune;64660;32409;32251;14;61;263;38.8;2.26;28610;370855;0.81;0.09
2024-07-01;Denmark;Hovedstaden;Frederiksberg Kommune;67431;33554;33877;35;26;116;41.9;2.09;32263;352565;0.83;0.03
2025-01-01;Denmark;Hovedstaden;Frederiksberg Kommune;63645;32112;31533;38;105;165;40.3;2.28;27914;395748;0.85;0.06
2024-01-01;Denmark;Hovedstaden;Frederikssund Kommune;99156;47559;51597;42;32;-241;42.6;2.22;44664;398038;0.68;0.02
2024-07-01;Denmark;Hovedstaden;Frederikssund Kommune;99115;48574;50541;114;72;-139;38.5;2.2;45052;411587;0.65;0.06
2025-01-01;Denmark;Hovedstaden;Frederikssund Kommune;99928;50049;49879;56;20;283;40.0;2.24;44610;381183;0.62;0.07
2024-01-01;Denmark;Hovedstaden;Furesø Kommune;79226;38384;40842;38;31;21;39.9;2.16;36678;388039;0.76;0.05
2024-07-01;Denmark;Hovedstaden;Furesø Kommune;80890;40247;40643;14;6;169;43.0;2.23;36273;313104;0.62;0.03
2025-01-01;Denmark;Hovedstaden;Furesø Kommune;78171;37441;40730;49;117;-230;45.0;2.15;36358;320676;0.71;0.06
2024-01-01;Denmark;Hovedstaden;Gentofte Kommune;45156;22781;22375;108;88;241;38.1;2.33;19380;339240;0.83;0.03
2024-07-01;Denmark;Hovedstaden;Gentofte Kommune;46247;22153;24094;19;118;-191;43.9;2.06;22450;336930;0.75;0.07
2025-01-01;Denmark;Hovedstaden;Gentofte Kommune;43484;21551;21933;114;38;217;41.9;2.36;18425;410900;0.61;0.06
2024-01-01;Denmark;Hovedstaden;Gladsaxe Kommune;112837;53746;59091;47;103;-167;43.1;2.1;53731;397154;0.71;0.07
2024-07-01;Denmark;Hovedstaden;Gladsaxe Kommune;114001;54183;59818;14;118;-148;42.4;2.33;48927;376350;0.74;0.05
2025-01-01;Denmark;Hovedstaden;Gladsaxe Kommune;111875;54175;57700;120;106;-260;45.2;2.08;53786;332706;0.77;0.04
2024-01-01;Denmark;Hovedstaden;Glostrup Kommune;80006;40102;39904;84;100;-142;45.4;2.09;38280;321299;0.84;0.08
2024-07-01;Denmark;Hovedstaden;Glostrup Kommune;79995;38987;41008;27;99;40;44.3;2.16;37034;387806;0.82;0.08
2025-01-01;Denmark;Hovedstaden;Glostrup Kommune;77477;37171;40306;94;18;91;45.0;2.34;33109;329154;0.65;0.08
2024-01-01;Denmark;Hovedstaden;Gribskov Kommune;50080;25020;25060;116;34;-72;38.2;2.08;24076;343025;0.67;0.02
2024-07-01;Denmark;Hovedstaden;Gribskov Kommune;51997;25133;26864;87;70;109;43.4;2.34;22220;343404;0.83;0.03
2025-01-01;Denmark;Hovedstaden;Gribskov Kommune;52804;25495;27309;79;38;-261;38.9;2.17;24333;395491;0.8;0.05
2024-01-01;Denmark;Hovedstaden;Halsnæs Kommune;70506;34305;36201;78;29;-40;38.4;2.17;32491;368146;0.83;0.06
2024-07-01;Denmark;Hovedstaden;Halsnæs Kommune;72979;36723;36256;99;90;-99;40.9;2.03;35950;387062;0.83;0.06
2025-01-01;Denmark;Hovedstaden;Halsnæs Kommune;72750;36407;36343;97;120;7;42.1;2.27;32048;342753;0.7;0.04
2024-01-01;Denmark;Hovedstaden;Helsingør Kommune;20468;9980;10488;53;91;-122;42.9;2.12;9654;371819;0.81;0.04
2024-07-01;Denmark;Hovedstaden;Helsingør Kommune;20543;10022;10521;79;82;29;41.7;2.18;9423;328010;0.73;0.08
2025-01-01;Denmark;Hovedstaden;Helsingør Kommune;23614;11780;11834;26;89;-214;40.3;2.27;10402;381167;0.68;0.08
2024-01-01;Denmark;Hovedstaden;Herlev Kommune;102415;50714;51701;33;108;-97;39.2;2.02;50700;428966;0.72;0.08
2024-07-01;Denmark;Hovedstaden;Herlev Kommune;101751;49721;52030;118;85;289;39.6;2.28;44627;364799;0.7;0.03
2025-01-01;Denmark;Hovedstaden;Herlev Kommune;104269;49545;54724;101;115;-191;44.2;2.09;49889;405396;0.84;0.06
2024-01-01;Denmark;Hovedstaden;Hillerød Kommune;11865;5724;6141;113;20;167;39.1;2.19;5417;369616;0.85;0.06
2024-07-01;Denmark;Hovedstaden;Hillerød Kommune;13473;6704;6769;61;83;216;41.4;2.36;5708;358446;0.82;0.07
2025-01-01;Denmark;Hovedstaden;Hillerød Kommune;11526;5630;5896;101;36;-17;44.1;2.21;5215;382149;0.66;0.05
2024-01-01;Denmark;Hovedstaden;Hvidovre Kommune;97695;47092;50603;47;45;253;38.6;2.06;47424;350205;0.77;0.07
2024-07-01;Denmark;Hovedstaden;Hvidovre Kommune;96788;47178;49610;47;74;177;41.3;2.08;46532;355069;0.7;0.07
2025-01-01;Denmark;Hovedstaden;Hvidovre Kommune;100400;49784;50616;114;117;289;41.0;2.0;50200;346105;0.67;0.05
2024-01-01;Denmark;Hovedstaden;Høje-Taastrup Kommune;114256;56116;58140;99;74;-75;41.9;2.11;54149;363654;0.61;0.04
2024-07-01;Denmark;Hovedstaden;Høje-Taastrup Kommune;115321;57538;57783;97;26;178;45.4;2.39;48251;370008;0.61;0.05
2025-01-01;Denmark;Hovedstaden;Høje-Taastrup Kommune;114851;56838;58013;15;87;138;39.1;2.18;52683;306590;0.67;0.04
2024-01-01;Denmark;Hovedstaden;Hørsholm Kommune;63936;31016;32920;117;53;-16;44.0;2.33;27440;333065;0.81;0.05
2024-07-01;Denmark;Hovedstaden;Hørsholm Kommune;65666;32253;33413;49;33;-230;44.2;2.26;29055;398858;0.61;0.04
2025-01-01;Denmark;Hovedstaden;Hørsholm Kommune;66035;31406;34629;24;35;-171;41.8;2.05;32212;424224;0.65;0.07
2024-01-01;Denmark;Hovedstaden;Ishøj Kommune;105028;50416;54612;82;100;-183;44.2;2.07;50738;340768;0.63;0.02
2024-07-01;Denmark;Hovedstaden;Ishøj Kommune;104795;51587;53208;53;55;-97;38.6;2.28;45962;382213;0.66;0.07
2025-01-01;Denmark;Hovedstaden;Ishøj Kommune;104753;52429;52324;81;108;-177;44.4;2.23;46974;305383;0.69;0.05
2024-01-01;Denmark;Hovedstaden;København Kommune;51853;25417;26436;48;6;130;44.6;2.04;25418;425932;0.69;0.08
2024-07-01;Denmark;Hovedstaden;København Kommune;53454;26524;26930;60;27;234;45.7;2.11;25333;405932;0.83;0.07
2025-01-01;Denmark;Hovedstaden;København Kommune;53475;26099;27376;98;80;-26;40.6;2.1;25464;422502;0.62;0.08
2024-01-01;Denmark;Hovedstaden;Lyngby-Taarbæk Kommune;38036;18597;19439;83;90;88;40.7;2.2;17289;342600;0.65;0.03
2024-07-01;Denmark;Hovedstaden;Lyngby-Taarbæk Kommune;38230;18455;19775;40;117;-18;42.4;2.21;17298;325042;0.62;0.07
2025-01-01;Denmark;Hovedstaden;Lyngby-Taarbæk Kommune;36964;18173;18791;35;93;187;43.2;2.2;16801;403931;0.6;0.04
2024-01-01;Denmark;Hovedstaden;Rudersdal Kommune;58838;28377;30461;89;79;77;41.8;2.21;26623;355771;0.85;0.06
2024-07-01;Denmark;Hovedstaden;Rudersdal Kommune;57446;28498;28948;39;44;-43;39.8;2.29;25085;341359;0.63;0.06
2025-01-01;Denmark;Hovedstaden;Rudersdal Kommune;59126;29309;29817;29;32;195;40.2;2.24;26395;399641;0.73;0.04
2024-01-01;Denmark;Hovedstaden;Rødovre Kommune;19586;9417;10169;34;51;-117;40.4;2.28;8590;316591;0.67;0.09
2024-07-01;Denmark;Hovedstaden;Rødovre Kommune;18442;8921;9521;21;86;202;38.8;2.0;9221;337268;0.72;0.05
2025-01-01;Denmark;Hovedstaden;Rødovre Kommune;16931;8532;8399;37;115;189;38.9;2.03;8340;364454;0.62;0.06
2024-01-01;Denmark;Hovedstaden;Tårnby Kommune;10647;5104;5543;77;43;-213;46.0;2.05;5193;400197;0.7;0.06
2024-07-01;Denmark;Hovedstaden;Tårnby Kommune;12559;6050;6509;71;53;161;45.3;2.12;5924;377139;0.85;0.04
2025-01-01;Denmark;Hovedstaden;Tårnby Kommune;12569;5992;6577;99;17;-88;43.0;2.11;5956;310641;0.64;0.03
2024-01-01;Denmark;Hovedstaden;Vallensbæk Kommune;13479;6403;7076;62;93;181;40.3;2.09;6449;392662;0.67;0.08
2024-07-01;Denmark;Hovedstaden;Vallensbæk Kommune;13129;6507;6622;38;105;-98;41.4;2.22;5913;384886;0.64;0.04
2025-01-01;Denmark;Hovedstaden;Vallensbæk Kommune;13420;6403;7017;26;106;14;42.8;2.33;5759;420742;0.67;0.03
2024-01-01;Denmark;Sjælland;Faxe Kommune;94511;46876;47635;39;69;252;42.0;2.03;46557;305224;0.82;0.07
2024-07-01;Denmark;Sjælland;Faxe Kommune;95738;46194;49544;16;34;289;42.7;2.01;47630;400238;0.77;0.04
2025-01-01;Denmark;Sjælland;Faxe Kommune;93430;46518;46912;27;65;231;43.2;2.37;39421;323788;0.85;0.05
2024-01-01;Denmark;Sjælland;Greve Kommune;111738;56323;55415;65;49;118;40.7;2.27;49223;412424;0.64;0.05
2024-07-01;Denmark;Sjælland;Greve Kommune;111753;54048;57705;56;109;263;38.3;2.04;54780;333082;0.68;0.09
2025-01-01;Denmark;Sjælland;Greve Kommune;111379;55795;55584;110;5;255;41.7;2.02;55138;367952;0.69;0.07
2024-01-01;Denmark;Sjælland;Guldborgsund Kommune;86783;43200;43583;31;39;262;39.0;2.12;40935;415454;0.77;0.03
2024-07-01;Denmark;Sjælland;Guldborgsund Kommune;88959;43936;45023;107;35;-138;40.5;2.01;44258;353476;0.62;0.09
2025-01-01;Denmark;Sjælland;Guldborgsund Kommune;88712;42440;46272;20;87;-143;42.0;2.29;38738;366698;0.78;0.05
2024-01-01;Denmark;Sjælland;Holbæk Kommune;68176;32882;35294;75;23;92;39.5;2.24;30435;397818;0.82;0.08
2024-07-01;Denmark;Sjælland;Holbæk Kommune;67373;33563;33810;114;58;48;45.5;2.2;30624;407551;0.6;0.07
2025-01-01;Denmark;Sjælland;Holbæk Kommune;69672;34320;35352;89;67;-148;41.6;2.19;31813;343573;0.74;0.06
2024-01-01;Denmark;Sjælland;Kalundborg Kommune;66502;32230;34272;29;94;-56;42.6;2.09;31819;401652;0.7;0.04
2024-07-01;Denmark;Sjælland;Kalundborg Kommune;64619;32061;32558;108;53;95;45.9;2.32;27853;385461;0.85;0.05
2025-01-01;Denmark;Sjælland;Kalundborg Kommune;62833;30083;32750;80;47;-198;45.0;2.18;28822;368937;0.83;0.02
2024-01-01;Denmark;Sjælland;Køge Kommune;23573;11813;11760;24;14;180;44.3;2.11;11172;381691;0.77;0.07
2024-07-01;Denmark;Sjælland;Køge Kommune;25382;12306;13076;91;114;246;41.0;2.13;11916;394203;0.82;0.05
2025-01-01;Denmark;Sjælland;Køge Kommune;24110;11478;12632;13;35;-6;46.0;2.3;10482;356881;0.84;0.07
2024-01-01;Denmark;Sjælland;Lejre Kommune;98834;47244;51590;26;93;6;45.2;2.02;48927;404352;0.61;0.05
2024-07-01;Denmark;Sjælland;Lejre Kommune;97024;46510;50514;72;57;279;43.5;2.07;46871;322946;0.62;0.08
2025-01-01;Denmark;Sjælland;Lejre Kommune;97798;48458;49340;68;79;-154;39.9;2.26;43273;360236;0.66;0.02
2024-01-01;Denmark;Sjælland;Lolland Kommune;110369;55409;54960;91;74;-139;38.6;2.38;46373;429453;0.75;0.06
2024-07-01;Denmark;Sjælland;Lolland Kommune;110201;54627;55574;63;113;9;39.6;2.15;51256;363335;0.63;0.05
2025-01-01;Denmark;Sjælland;Lolland Kommune;109934;54114;55820;94;42;-278;45.8;2.26;48643;335976;0.6;0.08
2024-01-01;Denmark;Sjælland;Næstved Kommune;108064;54486;53578;82;100;208;44.7;2.36;45789;401677;0.8;0.06
2024-07-01;Denmark;Sjælland;Næstved Kommune;106457;51266;55191;29;84;-44;43.4;2.29;46487;386400;0.77;0.03
2025-01-01;Denmark;Sjælland;Næstved Kommune;105411;52927;52484;87;10;16;44.3;2.01;52443;347823;0.78;0.03
2024-01-01;Denmark;Sjælland;Odsherred Kommune;43018;21398;21620;27;30;-165;44.3;2.35;18305;347953;0.73;0.08
2024-07-01;Denmark;Sjælland;Odsherred Kommune;45081;21636;23445;110;66;2;44.0;2.14;21065;315095;0.72;0.03
2025-01-01;Denmark;Sjælland;Odsherred Kommune;44769;22563;22206;115;91;106;45.7;2.32;19296;347942;0.62;0.05
2024-01-01;Denmark;Sjælland;Ringsted Kommune;39860;19081;20779;52;91;-32;42.7;2.33;17107;423245;0.69;0.07
2024-07-01;Denmark;Sjælland;Ringsted Kommune;39594;18836;20758;118;76;35;45.3;2.09;18944;308285;0.76;0.05
2025-01-01;Denmark;Sjælland;Ringsted Kommune;40534;19621;20913;57;19;-157;38.4;2.01;20166;364569;0.63;0.04
2024-01-01;Denmark;Sjælland;Roskilde Kommune;74012;36018;37994;52;90;253;41.4;2.3;32179;320253;0.82;0.07
2024-07-01;Denmark;Sjælland;Roskilde Kommune;76871;37642;39229;57;40;-267;43.5;2.09;36780;358287;0.84;0.08
2025-01-01;Denmark;Sjælland;Roskilde Kommune;73863;37258;36605;52;74;67;38.5;2.11;35006;426904;0.63;0.08
2024-01-01;Denmark;Sjælland;Slagelse Kommune;62975;31165;31810;87;86;-279;38.4;2.13;29565;429606;0.63;0.06
2024-07-01;Denmark;Sjælland;Slagelse Kommune;62881;31433;31448;75;31;300;39.7;2.35;26757;343064;0.79;0.08
2025-01-01;Denmark;Sjælland;Slagelse Kommune;65041;30900;34141;114;23;-167;42.3;2.32;28034;314408;0.77;0.02
2024-01-01;Denmark;Sjælland;Solrød Kommune;6414;3198;3216;35;80;31;38.1;2.11;3039;316614;0.79;0.06
2024-07-01;Denmark;Sjælland;Solrød Kommune;8001;3815;4186;62;104;70;42.1;2.04;3922;366039;0.66;0.06
2025-01-01;Denmark;Sjælland;Solrød Kommune;7925;3950;3975;115;89;233;40.4;2.26;3506;304082;0.62;0.05
2024-01-01;Denmark;Sjælland;Sorø Kommune;57386;28439;28947;67;96;154;38.6;2.03;28268;379730;0.64;0.03
2024-07-01;Denmark;Sjælland;Sorø Kommune;58197;28748;29449;75;96;32;41.0;2.24;25980;338652;0.71;0.06
2025-01-01;Denmark;Sjælland;Sorø Kommune;56046;27955;28091;19;114;264;43.8;2.09;26816;359186;0.82;0.05
2024-01-01;Denmark;Sjælland;Stevns Kommune;113308;55176;58132;98;17;20;41.4;2.27;49915;349060;0.84;0.07
2024-07-01;Denmark;Sjælland;Stevns Kommune;113393;54090;59303;111;15;-205;41.5;2.3;49301;348843;0.8;0.06
2025-01-01;Denmark;Sjælland;Stevns Kommune;113853;57347;56506;76;47;-175;41.3;2.35;48448;423355;0.79;0.08
2024-01-01;Denmark;Sjælland;Vordingborg Kommune;97720;49255;48465;81;44;60;38.8;2.2;44418;320280;0.76;0.04
2024-07-01;Denmark;Sjælland;Vordingborg Kommune;97953;47556;50397;76;52;-183;44.1;2.23;43925;405804;0.71;0.06
2025-01-01;Denmark;Sjælland;Vordingborg Kommune;100653;50281;50372;83;91;270;38.2;2.37;42469;408719;0.77;0.02
2024-01-01;Denmark;Syddanmark;Assens Kommune;41696;20759;20937;48;49;-294;39.5;2.06;20240;386159;0.7;0.03
2024-07-01;Denmark;Syddanmark;Assens Kommune;41411;20877;20534;16;100;243;39.7;2.17;19083;344681;0.64;0.04
2025-01-01;Denmark;Syddanmark;Assens Kommune;40146;20004;20142;77;81;-214;45.1;2.06;19488;398885;0.75;0.07
2024-01-01;Denmark;Syddanmark;Billund Kommune;40479;20031;20448;67;82;152;41.3;2.09;19367;367154;0.63;0.05
2024-07-01;Denmark;Syddanmark;Billund Kommune;39825;19727;20098;80;67;239;43.3;2.02;19715;351807;0.85;0.02
2025-01-01;Denmark;Syddanmark;Billund Kommune;39502;19120;20382;32;103;-160;44.1;2.12;18633;315726;0.6;0.07
2024-01-01;Denmark;Syddanmark;Esbjerg Kommune;26557;12917;13640;95;34;212;42.5;2.27;11699;346421;0.62;0.08
2024-07-01;Denmark;Syddanmark;Esbjerg Kommune;26201;12788;13413;63;14;20;42.6;2.23;11749;392995;0.76;0.04
2025-01-01;Denmark;Syddanmark;Esbjerg Kommune;27687;13168;14519;46;26;171;44.7;2.37;11682;311551;0.71;0.03
2024-01-01;Denmark;Syddanmark;Fanø Kommune;62516;30446;32070;15;55;17;44.0;2.09;29911;402120;0.64;0.06
2024-07-01;Denmark;Syddanmark;Fanø Kommune;60571;29735;30836;29;120;57;40.8;2.38;25450;384599;0.8;0.04
2025-01-01;Denmark;Syddanmark;Fanø Kommune;60703;29300;31403;27;82;-144;44.1;2.26;26859;323218;0.84;0.06
2024-01-01;Denmark;Syddanmark;Fredericia Kommune;66901;32909;33992;79;62;278;43.1;2.39;27992;342363;0.82;0.06
2024-07-01;Denmark;Syddanmark;Fredericia Kommune;64429;31453;32976;65;61;10;44.4;2.24;28762;346129;0.73;0.04
2025-01-01;Denmark;Syddanmark;Fredericia Kommune;65662;31263;34399;52;111;-7;38.6;2.35;27941;412105;0.62;0.06
2024-01-01;Denmark;Syddanmark;Faaborg-Midtfyn Kommune;55289;27224;28065;106;99;-258;41.6;2.32;23831;385437;0.65;0.06
2024-07-01;Denmark;Syddanmark;Faaborg-Midtfyn Kommune;55447;26588;28859;12;62;-195;44.5;2.33;23796;428763;0.78;0.06
2025-01-01;Denmark;Syddanmark;Faaborg-Midtfyn Kommune;54100;25761;28339;95;61;149;42.2;2.24;24151;347696;0.69;0.04
2024-01-01;Denmark;Syddanmark;Haderslev Kommune;59750;28987;30763;81;11;42;38.5;2.04;29289;388916;0.7;0.04
2024-07-01;Denmark;Syddanmark;Haderslev Kommune;60066;29714;30352;82;116;-147;40.7;2.23;26935;318537;0.83;0.04
2025-01-01;Denmark;Syddanmark;Haderslev Kommune;59265;29392;29873;55;21;-214;40.5;2.15;27565;403764;0.68;0.03
2024-01-01;Denmark;Syddanmark;Kerteminde Kommune;98516;49594;48922;92;72;-205;43.2;2.17;45399;347425;0.6;0.04
2024-07-01;Denmark;Syddanmark;Kerteminde Kommune;99016;47668;51348;103;67;-104;39.8;2.06;48066;310114;0.67;0.08
2025-01-01;Denmark;Syddanmark;Kerteminde Kommune;97200;48417;48783;111;99;239;38.3;2.13;45633;400441;0.75;0.06
2024-01-01;Denmark;Syddanmark;Kolding Kommune;23882;11473;12409;93;103;-131;43.8;2.02;11822;347749;0.77;0.04
2024-07-01;Denmark;Syddanmark;Kolding Kommune;25037;12351;12686;101;100;159;39.9;2.1;11922;426562;0.8;0.05
2025-01-01;Denmark;Syddanmark;Kolding Kommune;26638;12808;13830;91;78;151;41.7;2.11;12624;350052;0.73;0.05
2024-01-01;Denmark;Syddanmark;Langeland Kommune;27586;13268;14318;82;22;-44;38.4;2.19;12596;348655;0.74;0.03
2024-07-01;Denmark;Syddanmark;Langeland Kommune;27705;13588;14117;20;41;-215;44.1;2.11;13130;418660;0.73;0.08
2025-01-01;Denmark;Syddanmark;Langeland Kommune;24616;12391;12225;33;109;161;45.1;2.37;10386;354381;0.61;0.06
2024-01-01;Denmark;Syddanmark;Middelfart Kommune;35484;17913;17571;52;33;-272;40.5;2.04;17394;393677;0.76;0.08
2024-07-01;Denmark;Syddanmark;Middelfart Kommune;34466;16410;18056;111;65;-158;44.1;2.19;15737;380654;0.6;0.03
2025-01-01;Denmark;Syddanmark;Middelfart Kommune;34951;16827;18124;24;75;240;41.4;2.31;15130;331147;0.68;0.02
2024-01-01;Denmark;Syddanmark;Nordfyns Kommune;60644;30250;30394;63;13;-187;44.7;2.2;27565;370261;0.6;0.06
2024-07-01;Denmark;Syddanmark;Nordfyns Kommune;59017;29305;29712;42;59;-299;42.9;2.1;28103;354600;0.65;0.07
2025-01-01;Denmark;Syddanmark;Nordfyns Kommune;60171;30340;29831;13;72;257;42.1;2.4;25071;372633;0.61;0.08
2024-01-01;Denmark;Syddanmark;Nyborg Kommune;11309;5503;5806;52;37;-284;40.9;2.03;5570;331604;0.78;0.06
2024-07-01;Denmark;Syddanmark;Nyborg Kommune;11866;5843;6023;101;47;-164;38.4;2.22;5345;406628;0.76;0.08
2025-01-01;Denmark;Syddanmark;Nyborg Kommune;11510;5627;5883;94;66;-114;44.5;2.03;5669;401736;0.84;0.02
2024-01-01;Denmark;Syddanmark;Odense Kommune;29601;14763;14838;118;10;23;45.5;2.21;13394;429646;0.8;0.05
2024-07-01;Denmark;Syddanmark;Odense Kommune;29571;14714;14857;29;41;65;44.9;2.02;14639;385948;0.68;0.03
2025-01-01;Denmark;Syddanmark;Odense Kommune;30929;15096;15833;56;100;150;45.2;2.15;14385;427627;0.65;0.07
2024-01-01;Denmark;Syddanmark;Svendborg Kommune;54933;27407;27526;39;107;-216;43.8;2.03;27060;378964;0.85;0.03
2024-07-01;Denmark;Syddanmark;Svendborg Kommune;52351;25371;26980;15;46;2;40.5;2.24;23370;355851;0.64;0.05
2025-01-01;Denmark;Syddanmark;Svendborg Kommune;52979;25232;27747;116;50;145;40.2;2.39;22166;424243;0.61;0.07
2024-01-01;Denmark;Syddanmark;Sønderborg Kommune;57730;28310;29420;100;91;-137;45.6;2.06;28024;379635;0.77;0.05
2024-07-01;Denmark;Syddanmark;Sønderborg Kommune;56759;27075;29684;104;87;75;40.9;2.38;23848;304244;0.75;0.07
2025-01-01;Denmark;Syddanmark;Sønderborg Kommune;60128;29229;30899;61;102;-222;42.6;2.21;27207;352171;0.68;0.04
2024-01-01;Denmark;Syddanmark;Tønder Kommune;17975;8934;9041;68;71;96;45.3;2.05;8768;401576;0.67;0.05
2024-07-01;Denmark;Syddanmark;Tønder Kommune;20375;9852;10523;67;30;-175;39.1;2.03;10036;322630;0.82;0.05
2025-01-01;Denmark;Syddanmark;Tønder Kommune;18228;9101;9127;113;45;55;43.7;2.22;8210;338058;0.82;0.08
2024-01-01;Denmark;Syddanmark;Varde Kommune;99204;49881;49323;86;27;70;42.1;2.05;48392;326342;0.8;0.04
2024-07-01;Denmark;Syddanmark;Varde Kommune;98321;46780;51541;75;78;77;41.7;2.39;41138;317009;0.75;0.03
2025-01-01;Denmark;Syddanmark;Varde Kommune;97564;47508;50056;96;97;190;42.2;2.31;42235;407916;0.74;0.03
2024-01-01;Denmark;Syddanmark;Vejen Kommune;47184;22517;24667;64;92;229;40.8;2.35;20078;402270;0.74;0.06
2024-07-01;Denmark;Syddanmark;Vejen Kommune;47697;24038;23659;60;69;-244;44.7;2.21;21582;339862;0.64;0.04
2025-01-01;Denmark;Syddanmark;Vejen Kommune;47458;22863;24595;71;119;-10;44.8;2.1;22599;383238;0.84;0.04
2024-01-01;Denmark;Syddanmark;Vejle Kommune;86162;42515;43647;16;69;-128;42.7;2.23;38637;322439;0.76;0.07
2024-07-01;Denmark;Syddanmark;Vejle Kommune;87400;42400;45000;77;10;-271;38.6;2.38;36722;401059;0.74;0.07
2025-01-01;Denmark;Syddanmark;Vejle Kommune;88063;43341;44722;84;86;-269;42.0;2.25;39139;337967;0.76;0.04
2024-01-01;Denmark;Syddanmark;Ærø Kommune;38392;19166;19226;56;43;164;38.6;2.02;19005;357619;0.7;0.05
2024-07-01;Denmark;Syddanmark;Ærø Kommune;36489;17996;18493;45;115;26;43.9;2.34;15593;427844;0.7;0.07
2025-01-01;Denmark;Syddanmark;Ærø Kommune;37205;18299;18906;45;35;177;39.0;2.18;17066;318465;0.62;0.04
2024-01-01;Denmark;Syddanmark;Aabenraa Kommune;56890;28073;28817;36;115;-137;44.5;2.37;24004;394519;0.68;0.07
2024-07-01;Denmark;Syddanmark;Aabenraa Kommune;55391;27965;27426;64;68;15;42.0;2.04;27152;351543;0.73;0.09
2025-01-01;Denmark;Syddanmark;Aabenraa Kommune;54232;26709;27523;11;11;-12;42.0;2.35;23077;385755;0.77;0.04
2024-01-01;Denmark;Midtjylland;Aarhus Kommune;7541;3606;3935;22;117;-30;43.8;2.31;3264;347964;0.61;0.02
2024-07-01;Denmark;Midtjylland;Aarhus Kommune;6372;3063;3309;75;41;-225;41.1;2.18;2922;372070;0.67;0.09
2025-01-01;Denmark;Midtjylland;Aarhus Kommune;6857;3382;3475;21;17;103;41.0;2.39;2869;373116;0.83;0.07
2024-01-01;Denmark;Midtjylland;Favrskov Kommune;31557;15471;16086;69;10;-254;38.3;2.29;13780;405377;0.72;0.05
2024-07-01;Denmark;Midtjylland;Favrskov Kommune;31573;15843;15730;22;46;26;39.3;2.4;13155;396904;0.81;0.06
2025-01-01;Denmark;Midtjylland;Favrskov Kommune;31167;15578;15589;73;67;276;40.4;2.33;13376;348281;0.68;0.03
2024-01-01;Denmark;Midtjylland;Hedensted Kommune;59986;29047;30939;120;97;-273;42.8;2.11;28429;385929;0.8;0.07
2024-07-01;Denmark;Midtjylland;Hedensted Kommune;59961;28890;31071;11;79;191;39.4;2.25;26649;381230;0.79;0.05
2025-01-01;Denmark;Midtjylland;Hedensted Kommune;60961;30201;30760;9;78;-188;39.5;2.18;27963;354890;0.64;0.07
2024-01-01;Denmark;Midtjylland;Herning Kommune;58843;29318;29525;65;116;-237;43.6;2.21;26625;373516;0.68;0.07
2024-07-01;Denmark;Midtjylland;Herning Kommune;58940;28662;30278;27;63;245;40.7;2.14;27542;401186;0.82;0.07
2025-01-01;Denmark;Midtjylland;Herning Kommune;60079;29787;30292;83;66;-104;45.7;2.11;28473;339124;0.66;0.09
2024-01-01;Denmark;Midtjylland;Holstebro Kommune;45166;21845;23321;31;93;200;40.5;2.14;21105;422381;0.83;0.07
2024-07-01;Denmark;Midtjylland;Holstebro Kommune;43186;20671;22515;91;74;88;45.2;2.16;19993;345237;0.84;0.08
2025-01-01;Denmark;Midtjylland;Holstebro Kommune;43197;20573;22624;96;15;54;45.4;2.26;19113;397955;0.72;0.03
2024-01-01;Denmark;Midtjylland;Horsens Kommune;74702;37574;37128;94;39;-160;38.9;2.3;32479;331363;0.66;0.07
2024-07-01;Denmark;Midtjylland;Horsens Kommune;75767;36502;39265;34;11;-198;41.3;2.29;33086;313178;0.77;0.03
2025-01-01;Denmark;Midtjylland;Horsens Kommune;77542;38112;39430;25;57;187;41.8;2.08;37279;426342;0.67;0.04
2024-01-01;Denmark;Midtjylland;Ikast-Brande Kommune;14472;7207;7265;88;78;-63;42.3;2.29;6319;422771;0.61;0.08
2024-07-01;Denmark;Midtjylland;Ikast-Brande Kommune;12465;6250;6215;27;9;106;44.3;2.07;6021;398173;0.84;0.08
2025-01-01;Denmark;Midtjylland;Ikast-Brande Kommune;14345;6829;7516;43;77;-191;45.4;2.13;6734;359552;0.85;0.06
2024-01-01;Denmark;Midtjylland;Lemvig Kommune;71380;35915;35465;113;69;179;40.2;2.32;30767;343343;0.64;0.05
2024-07-01;Denmark;Midtjylland;Lemvig Kommune;68791;34158;34633;6;99;45;44.3;2.23;30847;399258;0.65;0.06
2025-01-01;Denmark;Midtjylland;Lemvig Kommune;70354;35311;35043;110;59;227;40.6;2.16;32571;312502;0.65;0.03
2024-01-01;Denmark;Midtjylland;Norddjurs Kommune;49248;23759;25489;38;54;-59;41.6;2.11;23340;343204;0.68;0.07
2024-07-01;Denmark;Midtjylland;Norddjurs Kommune;45461;21950;23511;51;93;-59;38.5;2.05;22176;340213;0.64;0.07
2025-01-01;Denmark;Midtjylland;Norddjurs Kommune;49196;24689;24507;95;103;18;43.5;2.26;21768;423290;0.67;0.06
2024-01-01;Denmark;Midtjylland;Odder Kommune;35642;17072;18570;24;63;82;41.3;2.22;16054;361712;0.79;0.08
2024-07-01;Denmark;Midtjylland;Odder Kommune;35102;16903;18199;36;92;-217;42.2;2.21;15883;347419;0.62;0.06
2025-01-01;Denmark;Midtjylland;Odder Kommune;31973;15982;15991;120;69;-93;42.6;2.06;15520;343007;0.81;0.05
2024-01-01;Denmark;Midtjylland;Randers Kommune;93008;46179;46829;67;16;222;41.6;2.02;46043;317294;0.73;0.05
2024-07-01;Denmark;Midtjylland;Randers Kommune;92403;45440;46963;91;108;15;43.8;2.16;42779;407014;0.6;0.04
2025-01-01;Denmark;Midtjylland;Randers Kommune;92466;44046;48420;49;94;-235;42.3;2.02;45775;417207;0.62;0.09
2024-01-01;Denmark;Midtjylland;Ringkøbing-Skjern Kommune;8334;4060;4274;103;22;130;41.0;2.36;3531;358790;0.82;0.08
2024-07-01;Denmark;Midtjylland;Ringkøbing-Skjern Kommune;8697;4152;4545;89;116;252;39.1;2.34;3716;315549;0.64;0.06
2025-01-01;Denmark;Midtjylland;Ringkøbing-Skjern Kommune;9325;4465;4860;33;111;-297;44.0;2.39;3901;360686;0.77;0.06
2024-01-01;Denmark;Midtjylland;Samsø Kommune;74274;37114;37160;36;63;54;39.2;2.08;35708;414715;0.78;0.03
2024-07-01;Denmark;Midtjylland;Samsø Kommune;76036;37623;38413;83;103;-284;39.9;2.03;37456;377849;0.61;0.06
2025-01-01;Denmark;Midtjylland;Samsø Kommune;75601;37888;37713;36;99;-255;41.2;2.09;36172;328477;0.79;0.07
2024-01-01;Denmark;Midtjylland;Silkeborg Kommune;23430;11827;11603;34;109;289;40.6;2.24;10459;388150;0.8;0.04
2024-07-01;Denmark;Midtjylland;Silkeborg Kommune;24956;11961;12995;89;71;-74;41.3;2.11;11827;372970;0.84;0.08
2025-01-01;Denmark;Midtjylland;Silkeborg Kommune;25100;12054;13046;91;59;269;42.0;2.39;10502;423415;0.76;0.05
2024-01-01;Denmark;Midtjylland;Skanderborg Kommune;73047;36223;36824;57;24;7;41.0;2.3;31759;362065;0.66;0.04
2024-07-01;Denmark;Midtjylland;Skanderborg Kommune;75254;37343;37911;108;64;-241;42.5;2.39;31487;373044;0.73;0.05
2025-01-01;Denmark;Midtjylland;Skanderborg Kommune;72786;35017;37769;87;15;160;44.8;2.04;35679;394972;0.81;0.02
2024-01-01;Denmark;Midtjylland;Skive Kommune;55195;27219;27976;10;116;-226;39.5;2.3;23997;394936;0.77;0.04
2024-07-01;Denmark;Midtjylland;Skive Kommune;53291;26703;26588;47;43;-285;39.7;2.08;25620;397186;0.63;0.09
2025-01-01;Denmark;Midtjylland;Skive Kommune;54397;27330;27067;94;82;-91;41.2;2.1;25903;342154;0.79;0.05
2024-01-01;Denmark;Midtjylland;Struer Kommune;75603;36726;38877;38;51;225;45.1;2.19;34521;405226;0.85;0.05
2024-07-01;Denmark;Midtjylland;Struer Kommune;76385;37016;39369;31;52;20;41.3;2.23;34253;329002;0.79;0.02
2025-01-01;Denmark;Midtjylland;Struer Kommune;75212;37834;37378;79;97;127;40.4;2.08;36159;330149;0.69;0.08
2024-01-01;Denmark;Midtjylland;Syddjurs Kommune;70699;34970;35729;92;48;-37;44.1;2.2;32135;394838;0.76;0.05
2024-07-01;Denmark;Midtjylland;Syddjurs Kommune;69133;34357;34776;50;26;-157;43.8;2.2;31424;420179;0.82;0.09
2025-01-01;Denmark;Midtjylland;Syddjurs Kommune;72364;34500;37864;9;112;-224;45.6;2.27;31878;400183;0.6;0.03
2024-01-01;Denmark;Midtjylland;Viborg Kommune;86614;41318;45296;24;6;-77;42.0;2.15;40285;380980;0.76;0.09
2024-07-01;Denmark;Midtjylland;Viborg Kommune;89405;43763;45642;67;7;-294;42.3;2.16;41391;302192;0.73;0.04
2025-01-01;Denmark;Midtjylland;Viborg Kommune;86841;41294;45547;109;94;140;44.4;2.36;36797;314026;0.83;0.06
2024-01-01;Denmark;Nordjylland;Aalborg Kommune;35370;17458;17912;37;109;62;40.1;2.16;16374;348896;0.84;0.05
2024-07-01;Denmark;Nordjylland;Aalborg Kommune;35580;17957;17623;33;43;-218;43.2;2.34;15205;399560;0.61;0.05
2025-01-01;Denmark;Nordjylland;Aalborg Kommune;36128;17759;18369;12;86;-291;43.6;2.03;17797;410799;0.71;0.07
2024-01-01;Denmark;Nordjylland;Brønderslev Kommune;80681;40680;40001;119;72;-257;39.8;2.36;34186;390739;0.82;0.05
2024-07-01;Denmark;Nordjylland;Brønderslev Kommune;77357;38889;38468;92;40;256;42.5;2.01;38486;421735;0.81;0.02
2025-01-01;Denmark;Nordjylland;Brønderslev Kommune;78015;38431;39584;101;110;107;45.4;2.12;36799;373919;0.66;0.08
2024-01-01;Denmark;Nordjylland;Frederikshavn Kommune;56780;28497;28283;47;54;-157;44.3;2.28;24903;310279;0.73;0.09
2024-07-01;Denmark;Nordjylland;Frederikshavn Kommune;54226;25916;28310;34;112;-223;40.7;2.31;23474;425155;0.75;0.09
2025-01-01;Denmark;Nordjylland;Frederikshavn Kommune;55343;26337;29006;39;105;161;41.9;2.14;25861;423357;0.69;0.03
2024-01-01;Denmark;Nordjylland;Hjørring Kommune;82497;40126;42371;103;84;2;44.4;2.29;36024;310752;0.67;0.05
2024-07-01;Denmark;Nordjylland;Hjørring Kommune;83001;41003;41998;99;54;24;40.9;2.04;40686;423595;0.68;0.05
2025-01-01;Denmark;Nordjylland;Hjørring Kommune;80895;38673;42222;16;28;141;41.6;2.22;36439;353483;0.63;0.03
2024-01-01;Denmark;Nordjylland;Jammerbugt Kommune;76023;37472;38551;105;46;94;38.1;2.17;35033;402127;0.62;0.08
2024-07-01;Denmark;Nordjylland;Jammerbugt Kommune;79349;40053;39296;36;78;233;39.4;2.15;36906;318198;0.67;0.04
2025-01-01;Denmark;Nordjylland;Jammerbugt Kommune;76239;36358;39881;60;40;131;40.4;2.31;33003;347333;0.66;0.04
2024-01-01;Denmark;Nordjylland;Læsø Kommune;86954;42852;44102;30;63;-191;39.1;2.0;43477;351864;0.68;0.06
2024-07-01;Denmark;Nordjylland;Læsø Kommune;88217;44184;44033;61;47;140;44.5;2.34;37699;427693;0.75;0.04
2025-01-01;Denmark;Nordjylland;Læsø Kommune;87394;43995;43399;30;66;21;39.4;2.16;40460;341830;0.67;0.07
2024-01-01;Denmark;Nordjylland;Mariagerfjord Kommune;71320;35109;36211;36;46;85;40.2;2.31;30874;347843;0.63;0.06
2024-07-01;Denmark;Nordjylland;Mariagerfjord Kommune;69782;35234;34548;28;92;263;38.2;2.29;30472;423597;0.78;0.05
2025-01-01;Denmark;Nordjylland;Mariagerfjord Kommune;68550;34270;34280;13;109;118;43.4;2.06;33276;339692;0.66;0.07
2024-01-01;Denmark;Nordjylland;Morsø Kommune;98480;49109;49371;14;62;190;42.7;2.21;44561;421044;0.83;0.07
2024-07-01;Denmark;Nordjylland;Morsø Kommune;98973;47121;51852;51;94;249;42.8;2.37;41760;314335;0.79;0.07
2025-01-01;Denmark;Nordjylland;Morsø Kommune;98201;47135;51066;83;10;276;45.9;2.27;43260;352378;0.84;0.04
2024-01-01;Denmark;Nordjylland;Rebild Kommune;109126;52181;56945;17;38;-73;42.1;2.21;49378;376089;0.77;0.04
2024-07-01;Denmark;Nordjylland;Rebild Kommune;108895;53002;55893;103;91;212;39.2;2.4;45372;363277;0.63;0.05
2025-01-01;Denmark;Nordjylland;Rebild Kommune;111302;53155;58147;111;98;-155;40.8;2.14;52010;402795;0.65;0.05
2024-01-01;Denmark;Nordjylland;Thisted Kommune;65810;32124;33686;94;62;26;38.5;2.02;32579;393163;0.63;0.08
2024-07-01;Denmark;Nordjylland;Thisted Kommune;68065;32554;35511;107;26;-51;42.1;2.22;30659;343383;0.74;0.09
2025-01-01;Denmark;Nordjylland;Thisted Kommune;66360;33109;33251;85;28;-110;43.1;2.17;30580;303826;0.78;0.08
2024-01-01;Denmark;Nordjylland;Vesthimmerland Kommune;64351;31395;32956;5;95;-81;39.6;2.3;27978;406001;0.8;0.06
2024-07-01;Denmark;Nordjylland;Vesthimmerland Kommune;65200;32675;32525;28;51;33;39.6;2.05;31804;387910;0.82;0.06
2025-01-01;Denmark;Nordjylland;Vesthimmerland Kommune;64543;31264;33279;54;83;101;42.7;2.14;30160;410823;0.71;0.03
